,silhouette,purity
kmeans,0.03346151547371503,0.2571534716769824
dbscan,-1.0,0.2111111111111111
hierarchical,0.09898037348449758,0.29000143997235334
